{
    "eval_exact_match": 0.5841392649903289,
    "eval_exec": 0.6228239845261122,
    "eval_loss": 0.4125225245952606,
    "eval_runtime": 188071.1746,
    "eval_samples": 1034,
    "eval_samples_per_second": 0.005
}